rank,stack_name,if2_center_hz,if2_bw_hz,score_db,lock_time_ms
1,KaBUC_LTC5553_ADMV1550,7250000000.0,1500000000.0,-0.5094510702846975,3.3333333333333335
