tile_id,if1_center_hz,bw_hz,rf_center_hz,lo1_hz,lo1_mode,lo1_vco_div,lo1_drive_dbm,lo1_pad_db,lo1_side,lo2_hz,lo2_mode,lo2_vco_div,lo2_drive_dbm,lo2_pad_db,lo2_side,spur_margin_db,margin,brittleness_db_per_step,lock_time_ms_tile,if2_center_hz,if2_bw_hz,if2_model_type,rf_bpf_id,desired_stage1_tuple,desired_stage2_tuple,notes
0,1700000000.0,1500000000.0,28250000000.0,5550000000.0,fracN,1,1.0,0.0,low,21000000000.0,fracN,1,14.0,0.0,low,-0.5094510702846975,-0.5094510702846975,0.0014259815216135507,0.0,7250000000.0,1500000000.0,symmetric_powerlaw,RF_S21_28to31GHz.csv,"(1, 1)","(1, 1)",
1,1700000000.0,1500000000.0,29250000000.0,5550000000.0,fracN,1,1.0,0.0,low,22000000000.0,fracN,1,14.0,0.0,low,-0.5013731426365808,-0.5013731426365808,0.0,5.0,7250000000.0,1500000000.0,symmetric_powerlaw,RF_S21_28to31GHz.csv,"(1, 1)","(1, 1)",
2,1700000000.0,1500000000.0,30250000000.0,5550000000.0,fracN,1,1.0,0.0,low,23000000000.0,fracN,1,14.0,0.0,low,-0.3905261644991427,-0.3905261644991427,0.0003070235252380371,5.0,7250000000.0,1500000000.0,symmetric_powerlaw,RF_S21_28to31GHz.csv,"(1, 1)","(1, 1)",
