rank,stack_name,if2_center_hz,if2_bw_hz,score_db,lock_time_ms
1,KaBUC_LTC5553_ADMV1550,7500000000.0,1984140000.0,-0.536460847295082,3.3333333333333335
