rank,stack_name,if2_center_hz,if2_bw_hz,score_db,lock_time_ms
1,KaBUC_LTC5553_ADMV1550,7530000000.0,1500000000.0,-3.381261646747589,3.3333333333333335
2,KaBUC_LTC5553_ADMV1550,7580000000.0,1500000000.0,-3.381261646747589,3.3333333333333335
3,KaBUC_LTC5553_ADMV1550,7630000000.0,1500000000.0,-3.381261646747589,3.3333333333333335
