rank,stack_name,if2_center_hz,if2_bw_hz,score_db,lock_time_ms
1,KaBUC_LTC5553_ADMV1550,7442000000.0,1000000000.0,-1.4383061449526409,3.0065359477124183
2,KaBUC_LTC5553_ADMV1550,7358000000.0,1000000000.0,-2.412982808655954,3.0065359477124183
3,KaBUC_LTC5553_ADMV1550,7242000000.0,1000000000.0,-2.999297963685244,3.0065359477124183
