rank,stack_name,if2_center_hz,if2_bw_hz,score_db,lock_time_ms
1,KaBUC_LTC5553_ADMV1550,7700000000.0,1500000000.0,-1.7715350149474602,3.3333333333333335
2,KaBUC_LTC5553_ADMV1550,7800000000.0,1500000000.0,-1.7715350149474602,3.3333333333333335
3,KaBUC_LTC5553_ADMV1550,7850000000.0,1500000000.0,-1.7715350149474602,3.3333333333333335
