tile_id,if1_center_hz,bw_hz,rf_center_hz,lo1_hz,lo1_mode,lo1_vco_div,lo1_drive_dbm,lo1_pad_db,lo1_side,lo2_hz,lo2_mode,lo2_vco_div,lo2_drive_dbm,lo2_pad_db,lo2_side,spur_margin_db,margin,brittleness_db_per_step,lock_time_ms_tile,if2_center_hz,if2_bw_hz,if2_model_type,rf_bpf_id,desired_stage1_tuple,desired_stage2_tuple,notes
0,1700000000.0,1500000000.0,28250000000.0,5800000000.0,fracN,1,1.0,0.0,low,20750000000.0,fracN,1,14.0,0.0,low,-0.4461099809773401,-0.4461099809773401,0.12749767303466797,0.0,7500000000.0,1984140000.0,scaled_s2p_prototype,RF_S21_28to31GHz.csv,"(1, 1)","(1, 1)",
1,1700000000.0,1500000000.0,29250000000.0,5800000000.0,fracN,1,1.0,0.0,low,21750000000.0,fracN,1,14.0,0.0,low,-0.536460847295082,-0.536460847295082,0.0,5.0,7500000000.0,1984140000.0,scaled_s2p_prototype,RF_S21_28to31GHz.csv,"(1, 1)","(1, 1)",
2,1700000000.0,1500000000.0,30250000000.0,5800000000.0,fracN,1,1.0,0.0,low,22750000000.0,fracN,1,14.0,0.0,low,-0.4461099809773401,-0.4461099809773401,0.0,5.0,7500000000.0,1984140000.0,scaled_s2p_prototype,RF_S21_28to31GHz.csv,"(1, 1)","(1, 1)",
