tile_id,if1_center_hz,bw_hz,rf_center_hz,lo1_hz,lo1_mode,lo1_vco_div,lo1_drive_dbm,lo1_pad_db,lo1_side,lo2_hz,lo2_mode,lo2_vco_div,lo2_drive_dbm,lo2_pad_db,lo2_side,spur_margin_db,margin,brittleness_db_per_step,lock_time_ms_tile,if2_center_hz,if2_bw_hz,if2_model_type,rf_bpf_id,desired_stage1_tuple,desired_stage2_tuple,notes
0,1700000000.0,1500000000.0,28250000000.0,6000000000.0,fracN,1,1.0,0.0,low,20550000000.0,fracN,1,14.0,0.0,low,-1.1464523476713708,-1.1464523476713708,0.2014499306678843,0.0,7700000000.0,1500000000.0,symmetric_powerlaw,RF_S21_28to31GHz.csv,"(1, 1)","(1, 1)",
1,1700000000.0,1500000000.0,29250000000.0,6000000000.0,fracN,1,1.0,0.0,low,21550000000.0,fracN,1,14.0,0.0,low,-1.6212594865165215,-1.6212594865165215,0.0009999871253967285,5.0,7700000000.0,1500000000.0,symmetric_powerlaw,RF_S21_28to31GHz.csv,"(1, 1)","(1, 1)",
2,1700000000.0,1500000000.0,30250000000.0,6000000000.0,fracN,1,1.0,0.0,low,22550000000.0,fracN,1,14.0,0.0,low,-1.7715350149474602,-1.7715350149474602,0.0,5.0,7700000000.0,1500000000.0,symmetric_powerlaw,RF_S21_28to31GHz.csv,"(1, 1)","(1, 1)",
